{
  "Class": "Warrior",
  "Level": 70,
  "Race": "Orc",
  "Talents": "32024001302-050500055050120521251",
  "Cooldowns": {
    "Racial": true,
    "Death Wish": false,
    "Recklessness": false,
    "Bloodlust": true,
    "Drums of War": false,
    "Drums of Battle": true,
    "Mighty Rage Potion": false,
    "Haste Potion": true,
    "Insane Strength Potion": false,
    "Shield Block": true
  },
  "Buffs": [
    {
      "Id": 0,
      "Name": "Flask/Elixir",
      "Slot": "Any",
      "Stats": {
        "AP": 120.0
      }
    },
    {
      "Id": 0,
      "Name": "Food",
      "Slot": "Any",
      "Stats": {
        "Str": 20.0
      }
    },
    {
      "Id": 0,
      "Name": "Battle Shout",
      "Slot": "Any",
      "Stats": {
        "AP": 382.0
      }
    },
    {
      "Id": 0,
      "Name": "Blessing of Might",
      "Slot": "Any",
      "Stats": {
        "AP": 264.0
      }
    },
    {
      "Id": 0,
      "Name": "Mark of the Wild",
      "Slot": "Any",
      "Stats": {
        "Str": 18.0,
        "Agi": 18.0,
        "Int": 18.0,
        "Spi": 18.0
      }
    },
    {
      "Id": 0,
      "Name": "Totem Strength",
      "Slot": "Any",
      "Stats": {
        "Str": 98.0
      }
    },
    {
      "Id": 0,
      "Name": "Totem Agility",
      "Slot": "Any",
      "Stats": {
        "Agi": 88.0
      }
    },
    {
      "Id": 0,
      "Name": "Windfury Totem *2",
      "Slot": "Any",
      "Stats": {}
    },
    {
      "Id": 0,
      "Name": "Ferocious Inspiration *3",
      "Slot": "Any",
      "Stats": {}
    },
    {
      "Id": 0,
      "Name": "Blessing of Kings",
      "Slot": "Any",
      "Stats": {}
    },
    {
      "Id": 0,
      "Name": "Leader of the Pack",
      "Slot": "Any",
      "Stats": {
        "Crit": 110.4
      }
    },
    {
      "Id": 0,
      "Name": "Unleashed Rage",
      "Slot": "Any",
      "Stats": {}
    },
    {
      "Id": 0,
      "Name": "Improved Sanctity Aura",
      "Slot": "Any",
      "Stats": {}
    }
  ],
  "Weapons": {
    "MH": {
      "DamageMin": 172.0,
      "DamageMax": 320.0,
      "Speed": 2.7,
      "TwoHanded": false,
      "Type": "Mace",
      "Buff": null,
      "School": null,
      "Name": "Dragonmaw",
      "Id": 5,
      "Slot": "Weapon",
      "Stats": {},
      "Enchantment": {
        "Id": 0,
        "Name": "Mongoose",
        "Slot": "Weapon",
        "Stats": {}
      },
      "Gems": null
    },
    "OH": {
      "DamageMin": 147.0,
      "DamageMax": 275.0,
      "Speed": 2.6,
      "TwoHanded": false,
      "Type": "Sword",
      "Buff": null,
      "School": null,
      "Name": "Blinkstrike",
      "Id": 5,
      "Slot": "Weapon",
      "Stats": {},
      "Enchantment": {
        "Id": 0,
        "Name": "Mongoose",
        "Slot": "Weapon",
        "Stats": {}
      },
      "Gems": null
    },
    "Ranged": {
      "DamageMin": 0.0,
      "DamageMax": 0.0,
      "Speed": 0.0,
      "TwoHanded": false,
      "Type": "Bow",
      "Buff": null,
      "School": null,
      "Name": "Phoenix",
      "Id": 6,
      "Slot": "Ranged",
      "Stats": {
        "Agi": 19.0,
        "AP": 34.0
      },
      "Enchantment": null,
      "Gems": null
    }
  },
  "Equipment": {
    "Head": {
      "Name": "Warbringer Helm",
      "Id": 0,
      "Slot": "Head",
      "Stats": {
        "Str": 45.0,
        "Crit": 24.0,
        "Hit": 14.0
      },
      "Enchantment": {
        "Id": 4,
        "Name": "Ferocity",
        "Slot": "Head",
        "Stats": {
          "AP": 34.0,
          "Hit": 16.0
        }
      },
      "Gems": {
        "Id": 0,
        "Name": "Chaotic Skyfire Diamond",
        "Slot": "Head",
        "Stats": {
          "SCrit": 12.0,
          "Str": 4.0,
          "Crit": 4.0,
          "Hit": 4.0
        }
      }
    },
    "Neck": {
      "Name": "Adamantine",
      "Id": 1,
      "Slot": "Neck",
      "Stats": {
        "Crit": 30.0,
        "AP": 34.0
      },
      "Enchantment": null,
      "Gems": null
    },
    "Shoulders": {
      "Name": "Warbringer Shoulders",
      "Id": 2,
      "Slot": "Shoulders",
      "Stats": {
        "Str": 32.0,
        "Agi": 22.0,
        "Hit": 13.0
      },
      "Enchantment": {
        "Id": 4,
        "Name": "Scryers",
        "Slot": "Shoulders",
        "Stats": {
          "AP": 20.0,
          "Crit": 15.0
        }
      },
      "Gems": {
        "Id": 4,
        "Name": "Gems",
        "Slot": "Shoulders",
        "Stats": {
          "Str": 11.0,
          "Crit": 4.0
        }
      }
    },
    "Back": {
      "Name": "Vengeance",
      "Id": 3,
      "Slot": "Back",
      "Stats": {
        "Crit": 23.0,
        "AP": 52.0
      },
      "Enchantment": {
        "Id": 5,
        "Name": "Greater Agility",
        "Slot": "Back",
        "Stats": {
          "Agi": 12.0
        }
      },
      "Gems": {
        "Id": 5,
        "Name": "Gems",
        "Slot": "Back",
        "Stats": {
          "Str": 4.0,
          "Crit": 4.0,
          "Hit": 2.0
        }
      }
    },
    "Chest": {
      "Name": "Warbringer Chest",
      "Id": 4,
      "Slot": "Chest",
      "Stats": {
        "Str": 44.0,
        "Crit": 26.0
      },
      "Enchantment": {
        "Id": 6,
        "Name": "Exceptional Stats",
        "Slot": "Chest",
        "Stats": {
          "Str": 6.0,
          "Agi": 6.0,
          "Int": 6.0,
          "Spi": 6.0
        }
      },
      "Gems": {
        "Id": 6,
        "Name": "Gems",
        "Slot": "Chest",
        "Stats": {
          "Str": 12.0,
          "Crit": 12.0
        }
      }
    },
    "Wrists": {
      "Name": "Bladespire",
      "Id": 5,
      "Slot": "Wrists",
      "Stats": {
        "Str": 20.0,
        "Crit": 24.0
      },
      "Enchantment": {
        "Id": 7,
        "Name": "Brawn",
        "Slot": "Wrists",
        "Stats": {
          "Str": 12.0
        }
      },
      "Gems": {
        "Id": 7,
        "Name": "Gems",
        "Slot": "Wrists",
        "Stats": {
          "Str": 11.0,
          "Crit": 4.0
        }
      }
    },
    "Hands": {
      "Name": "Martial",
      "Id": 6,
      "Slot": "Hands",
      "Stats": {
        "Str": 36.0,
        "Crit": 23.0
      },
      "Enchantment": {
        "Id": 8,
        "Name": "Str",
        "Slot": "Hands",
        "Stats": {
          "Str": 15.0
        }
      },
      "Gems": {
        "Id": 8,
        "Name": "Gems",
        "Slot": "Hands",
        "Stats": {
          "Str": 8.0,
          "Crit": 8.0
        }
      }
    },
    "Waist": {
      "Name": "Endless Pit",
      "Id": 7,
      "Slot": "Waist",
      "Stats": {
        "Str": 34.0,
        "Crit": 28.0
      },
      "Enchantment": null,
      "Gems": {
        "Id": 8,
        "Name": "Gems",
        "Slot": "Waist",
        "Stats": {
          "Str": 8.0,
          "Crit": 8.0
        }
      }
    },
    "Legs": {
      "Name": "Skulker",
      "Id": 8,
      "Slot": "Legs",
      "Stats": {
        "Agi": 32.0,
        "Hit": 28.0,
        "AP": 64.0
      },
      "Enchantment": {
        "Id": 8,
        "Name": "Cobrahide",
        "Slot": "Legs",
        "Stats": {
          "AP": 50.0,
          "Crit": 12.0
        }
      },
      "Gems": {
        "Id": 8,
        "Name": "Gems",
        "Slot": "Legs",
        "Stats": {
          "Str": 12.0,
          "Crit": 12.0
        }
      }
    },
    "Feet": {
      "Name": "Edgewalker",
      "Id": 9,
      "Slot": "Feet",
      "Stats": {
        "Agi": 29.0,
        "Hit": 13.0,
        "AP": 44.0
      },
      "Enchantment": {
        "Id": 8,
        "Name": "Agi",
        "Slot": "Feet",
        "Stats": {
          "Agi": 12.0
        }
      },
      "Gems": {
        "Id": 8,
        "Name": "Str",
        "Slot": "Feet",
        "Stats": {
          "Str": 8.0,
          "Crit": 8.0,
          "Hit": 3.0
        }
      }
    },
    "Finger1": {
      "Name": "Thounsand Marks",
      "Id": 10,
      "Slot": "Finger",
      "Stats": {
        "Crit": 23.0,
        "Hit": 19.0,
        "AP": 44.0
      },
      "Enchantment": null,
      "Gems": null
    },
    "Finger2": {
      "Name": "Mithril Band",
      "Id": 10,
      "Slot": "Finger",
      "Stats": {
        "Str": 26.0,
        "Crit": 22.0
      },
      "Enchantment": null,
      "Gems": null
    },
    "Trinket1": {
      "Name": "Hourglass of the Unraveller",
      "Id": 12,
      "Slot": "Trinket",
      "Stats": {
        "Crit": 32.0
      },
      "Enchantment": null,
      "Gems": null
    },
    "Trinket2": {
      "Name": "Dragonspine Trophy",
      "Id": 13,
      "Slot": "Trinket",
      "Stats": {
        "AP": 40.0
      },
      "Enchantment": null,
      "Gems": null
    }
  }
}