{
  "Class": "Warrior",
  "Level": 70,
  "Race": "Orc",
  "Talents": "32003301352010500221-0550000500521203",
  "Cooldowns": {
    "Racial": true,
    "Death Wish": false,
    "Recklessness": false,
    "Bloodlust": true,
    "Drums of War": false,
    "Drums of Battle": true,
    "Mighty Rage Potion": false,
    "Haste Potion": true,
    "Insane Strength Potion": false,
    "Shield Block": false
  },
  "Buffs": [
    {
      "Id": 0,
      "Name": "Flask/Elixir",
      "Slot": "Any",
      "Stats": {
        "AP": 120.0
      }
    },
    {
      "Id": 0,
      "Name": "Food",
      "Slot": "Any",
      "Stats": {
        "Str": 20.0
      }
    },
    {
      "Id": 0,
      "Name": "Battle SHout",
      "Slot": "Any",
      "Stats": {
        "AP": 382.0
      }
    },
    {
      "Id": 0,
      "Name": "Blessing of Might",
      "Slot": "Any",
      "Stats": {
        "AP": 264.0
      }
    },
    {
      "Id": 0,
      "Name": "Mark of the Wild",
      "Slot": "Any",
      "Stats": {
        "Str": 18.0,
        "Agi": 18.0,
        "Int": 18.0,
        "Spi": 18.0
      }
    },
    {
      "Id": 0,
      "Name": "Totem Strength",
      "Slot": "Any",
      "Stats": {
        "Str": 98.0
      }
    },
    {
      "Id": 0,
      "Name": "Windfury Totem *2",
      "Slot": "Any",
      "Stats": {}
    },
    {
      "Id": 0,
      "Name": "Ferocious Inspiration *1",
      "Slot": "Any",
      "Stats": {}
    },
    {
      "Id": 0,
      "Name": "Blessing of Kings",
      "Slot": "Any",
      "Stats": {}
    },
    {
      "Id": 0,
      "Name": "Unleashed Rage",
      "Slot": "Any",
      "Stats": {}
    }
  ],
  "Weapons": {
    "MH": {
      "DamageMin": 386.0,
      "DamageMax": 580.0,
      "Speed": 3.5,
      "TwoHanded": false,
      "Type": "Sword",
      "Buff": null,
      "School": null,
      "Name": "Cata",
      "Id": 5,
      "Slot": "Weapon",
      "Stats": {
        "Str": 75,
        "ArmorPen": 335,
      },
      "Enchantment": {
        "Id": 0,
        "Name": "Mongoose",
        "Slot": "Weapon",
        "Stats": {}
      },
      "Gems": null
    },
    "Ranged": {
      "DamageMin": 0.0,
      "DamageMax": 0.0,
      "Speed": 0.0,
      "TwoHanded": false,
      "Type": "Throwable",
      "Buff": null,
      "School": null,
      "Name": "Zarak",
      "Id": 6,
      "Slot": "Ranged",
      "Stats": {
        "AP": 23.0,
        "Crit": 16.0,
      },
      "Enchantment": null
    }
  },
  "Equipment": {
    "Head": {
      "Name": "Sargeras",
      "Id": 0,
      "Slot": "Head",
      "Stats": {
        "Agi": 39.0,
        "Crit": 38.0,
        "Hit": 21.0,
        "AP": 108.0,
      },
      "Enchantment": {
        "Id": 4,
        "Name": "Ferocity",
        "Slot": "Head",
        "Stats": {
          "AP": 34.0,
          "Hit": 16.0
        }
      },
      "Gems": {
        "Id": 0,
        "Name": "Relentless Earthstorm Diamond",
        "Slot": "Head",
        "Stats": {
          "Agi": 12.0,
          "Str": 5.0,
          "Crit": 5.0,
        }
      }
    },
    "Neck": {
      "Name": "Nightmares",
      "Id": 1,
      "Slot": "Neck",
      "Stats": {
        "Crit": 27.0,
        "Hit": 21.0,
        "AP": 72.0
      },
      "Enchantment": null,
      "Gems": null,
    },
    "Shoulders": {
      "Name": "Onslaught",
      "Id": 2,
      "Slot": "Shoulders",
      "Stats": {
        "Str": 39.0,
        "Agi": 39.0,
        "ArmorPen": 91.0,
      },
      "Enchantment": {
        "Id": 4,
        "Name": "Enchant",
        "Slot": "Shoulders",
        "Stats": {
          "AP": 20.0,
          "Crit": 15.0
        }
      },
      "Gems": {
        "Id": 0,
        "Name": "Gems",
        "Slot": "Shoulders",
        "Stats": {
          "Str": 10.0,
          "Crit": 8.0,
        }
      }
    },
    "Back": {
      "Name": "Shadowmoon",
      "Id": 3,
      "Slot": "Back",
      "Stats": {
        "Crit": 24.0,
        "Hit": 17.0,
        "AP": 72.0
      },
      "Enchantment": {
        "Id": 5,
        "Name": "Greater Agi",
        "Slot": "Back",
        "Stats": {
          "Agi": 12.0
        }
      }
    },
    "Chest": {
      "Name": "Onslaught",
      "Id": 4,
      "Slot": "Chest",
      "Stats": {
        "Str": 53.0,
        "Agi": 34.0,
        "Hit": 16.0,
        "ArmorPen": 126,
      },
      "Enchantment": {
        "Id": 6,
        "Name": "Exceptional Stats",
        "Slot": "Chest",
        "Stats": {
          "Str": 6.0,
          "Agi": 6.0,
          "Int": 6.0,
          "Spi": 6.0
        }
      },
      "Gems": {
        "Id": 0,
        "Name": "Gems",
        "Slot": "Chest",
        "Stats": {
          "Str": 15.0,
          "Crit": 15.0,
        }
      }
    },
    "Wrists": {
      "Name": "Deadly Cuffs",
      "Id": 5,
      "Slot": "Wrists",
      "Stats": {
        "Crit": 28.0,
        "Hit": 12.0,
        "AP": 58.0
      },
      "Enchantment": {
        "Id": 7,
        "Name": "Brawn",
        "Slot": "Wrists",
        "Stats": {
          "Str": 12.0
        }
      },
      "Gems": {
        "Id": 0,
        "Name": "Gems",
        "Slot": "Wrists",
        "Stats": {
          "Str": 10.0,
          "Crit": 10.0,
        }
      }
    },
    "Hands": {
      "Name": "Onslaught",
      "Id": 6,
      "Slot": "Hands",
      "Stats": {
        "Str": 41.0,
        "Agi": 30.0,
        "ArmorPen": 91
      },
      "Enchantment": {
        "Id": 8,
        "Name": "Str",
        "Slot": "Hands",
        "Stats": {
          "Str": 15.0
        }
      },
      "Gems": {
        "Id": 0,
        "Name": "Gems",
        "Slot": "Hands",
        "Stats": {
          "Str": 5.0,
          "Crit": 7.0,
        }
      }
    },
    "Waist": {
      "Name": "Hundred Deaths",
      "Id": 7,
      "Slot": "Waist",
      "Stats": {
        "Agi": 29.0,
        "Expertise": 25.0,
        "AP": 74.0,
      },
      "Enchantment": null,
      "Gems": {
        "Id": 8,
        "Name": "Gems",
        "Slot": "Waist",
        "Stats": {
          "Str": 10.0,
          "Crit": 10.0
        }
      }
    },
    "Legs": {
      "Name": "Onslaught",
      "Id": 8,
      "Slot": "Legs",
      "Stats": {
        "Str": 62.0,
        "Agi": 41.0,
        "Hit": 14.0,
        "ArmorPen": 105.0,
      },
      "Enchantment": {
        "Id": 8,
        "Name": "Cobrahide",
        "Slot": "Hands",
        "Stats": {
          "AP": 50.0,
          "Crit": 12.0
        }
      },
      "Gems": {
        "Id": 8,
        "Name": "Gems",
        "Slot": "Legs",
        "Stats": {
          "Str": 7.0,
        }
      }
    },
    "Feet": {
      "Name": "Dreadboots",
      "Id": 9,
      "Slot": "Feet",
      "Stats": {
        "Str": 38.0,
        "Crit": 30.0,
        "Hit": 18.0,
      },
      "Enchantment": {
        "Id": 8,
        "Name": "Feet agi",
        "Slot": "Hands",
        "Stats": {
          "Agi": 12.0
        }
      },
      "Gems": {
        "Id": 8,
        "Name": "Gems",
        "Slot": "Feet",
        "Stats": {
          "Str": 13.0,
          "Crit": 10.0
        }
      }
    },
    "Finger1": {
      "Name": "Unstoppable",
      "Id": 10,
      "Slot": "Finger",
      "Stats": {
        "Str": 36.0,
        "Crit": 30.0,
      },
      "Enchantment": null
    },
    "Finger2": {
      "Name": "Band of the Ranger-General",
      "Id": 10,
      "Slot": "Finger",
      "Stats": {
        "Crit": 28.0,
        "Hit": 18.0,
        "AP": 56.0,
      },
      "Enchantment": null,
      "Gems": null
    },
    "Trinket1": {
      "Name": "Tsunami Talisman",
      "Id": 12,
      "Slot": "Trinket",
      "Stats": {
        "Crit": 38.0,
        "Hit": 10.0,
      },
      "Enchantment": null,
      "Gems": null
    },
    "Trinket2": {
      "Name": "Dragonspine Trophy",
      "Id": 13,
      "Slot": "Trinket",
      "Stats": {
        "AP": 40.0
      },
      "Enchantment": null,
      "Gems": null
    }
  }
}