{
  "Race": "Undead",
  "Class": "Priest",
  "Talents": "05500013--5032504103501251",
  "Cooldowns": {
  },
  "Buffs": [
    {
      "Name": "Test",
      "Stats": {
        "SP": 0,
        "SHit": 0,
        "Crit": 0,
        "AP": 0,
        "Haste": 0,
      }
    },
    {
      "Name": "Mark of the Wild",
      "Stats": {
        "Int": 16,
        "Spi": 16,
      }
    },
    {
      "Name": "Arcane Intellect",
      "Stats": {
        "Int": 31,
      }
    },
    {
      "Name": "Divine Spirit",
      "Stats": {
        "Spi": 40,
      }
    },
    {
      "Name": "Arcane Elixir",
      "Stats": {
        "SP": 35,
      }
    },
    {
      "Name": "Shadow Power",
      "Stats": {
        "SP": 40,
      }
    },
    {
      "Name": "Bouffe",
      "Stats": {
        "Int": 10,
        "MP5": 0,
        "Spi": 0,
      }
    },
  ],
  "Weapons": {
    "MH": {
      "TwoHanded": true,
      "Type": "Staff",
      "Name": "Anathema",
      "Stats": {
        "Int": 31,
        "SP": 69,
        "MP5": 7,
      },
      "Enchantment":
      {
        "Name": "Spell Power",
        "Stats": {
          "SP": 30,
        }
      }
    },
    "Ranged": {
      "Type": "Wand",
      "DamageMin": 83,
      "DamageMax": 155,
      "Speed": 1.9,
      "School": "Arcane",
      "Name": "Bonecreeper",
      "Stats": {
        "SP": 11,
        "Int": 4
      }
    },
  },
  "Equipment": {
    "Head": {
      "Name": "Bad Mojo Mask",
      "Stats": {
        "Int": 24,
        "SP": 14,
      },
    },
    "Neck": {
      "Name": "Star of Mystaria",
      "Stats": {
        "Int": 9,
        "Spi": 8,
        "SHit": 1,
      }
    },
    "Shoulders": {
      "Name": "Elder Wizard's Mantle",
      "Stats": {
        "Int": 20,
        "SP": 11
      },
    },
    "Back": {
      "Name": "Sapphiron Drape",
      "Stats": {
        "Int": 17,
        "SP": 14
      },
      "Enchantment": {
        "Name": "Lesser Agility",
        "Stats": {
        }
      }
    },
    "Chest": {
      "Name": "Robe of Winter Night",
      "Stats": {
        "Int": 12,
        "SP": 40,
      },
      "Enchantment": {
        "Name": "Greater Stats",
        "Stats": {
          "Int": 3,
          "Spi": 3,
        }
      }
    },
    "Wrist": {
      "Name": "Sublime Wristguards",
      "Stats": {
        "Int": 10,
        "Spi": 6,
        "SP": 12,
      },
      "Enchantment": {
        "Name": "Greater Intellect",
        "Stats": {
          "Int": 7,
        }
      }
    },
    "Hands": {
      "Name": "Hand of Power",
      "Stats": {
        "SP": 26,
        "Int": 6,
        "Spi": 6
      },
      "Enchantment": {
        "Name": "Greater Strength",
        "Stats": {
        }
      }
    },
    "Waist": {
      "Name": "T1",
      "Stats": {
        "Int": 22,
        "Spi": 10,
        "SP": 9,
        "MP5": 4
      }
    },
    "Legs": {
      "Name": "Spiritshroud",
      "Stats": {
        "SP": 19,
        "Int": 16,
        "Spi": 16,
      },
    },
    "Feet": {
      "Name": "Dragonrider",
      "Stats": {
        "SP": 18,
        "Int": 16,
      },
    },
    "Ring1": {
      "Name": "Maiden",
      "Stats": {
        "SP": 18,
        "Int": 7,
        "Spi": 6,
      }
    },
    "Ring2": {
      "Name": "Maiden",
      "Stats": {
        "SP": 18,
        "Int": 7,
        "Spi": 6,
      }
    },
    "Trinket1": {
      "Name": "Briarwood Reed",
      "Stats": {
        "SP": 29
      }
    },
    "Trinket2": {
      "Name": "BoK",
      "Stats": {
        "SP": 12
      }
    }
  }
}