{
  "Race": "Undead",
  "Class": "Rogue",
  "Talents": "005303103-3203052020550100201-05",
  "Cooldowns": {
  },
  "Buffs": [
    {
      "Name": "Test",
      "Stats": {
        "Hit": 0,
        "Crit": 0,
        "AP": 0,
      }
    },
    {
      "Name": "Windfury Totem"
    },
    {
      "Name": "Leader of the Pack",
      "Stats": {
        "Crit": 3
      }
    },
    {
      "Name": "Battle Shout",
      "Stats": {
        "AP": 241
      }
    },
    {
      "Name": "Trueshot Aura",
      "Stats": {
        "AP": 100
      }
    },
    {
      "Name": "Mark of the Wild",
      "Stats": {
        "Agi": 16,
        "Str": 16,
      }
    },
    {
      "Name": "Elixir of Giants",
      "Stats": {
        "Str": 25,
      }
    },
    {
      "Name": "Ground Scorpok Assay",
      "Stats": {
        "Agi": 25,
      }
    },
    {
      "Name": "Elixir of the Mongoose",
      "Stats": {
        "Agi": 25,
        "Crit": 2
      }
    },
    {
      "Name": "Juju Power",
      "Stats": {
        "AP": 40,
      }
    },
    {
      "Name": "Juju Might",
      "Stats": {
        "Str": 30,
      }
    },
  ],
  "Weapons": {
    "MH": {
      "DamageMin": 73,
      "DamageMax": 137,
      "Speed": 1.8,
      "TwoHanded": false,
      "Type": "Dagger",
      "Name": "Perdition's Blade",
      "Id": 0,
      "Slot": "Weapon",
      "Stats": {
      },
      "Enchantment":
      {
        "Name": "Crusader",
      }
    },
    "OH": {
      "DamageMin": 57,
      "DamageMax": 107,
      "Speed": 1.6,
      "TwoHanded": false,
      "Type": "Dagger",
      "Name": "Core Hound Tooth",
      "Id": 0,
      "Slot": "Weapon",
      "Stats": {
        "Crit": 1,
        "AP": 20,
      },
      "Enchantment":
      {
        "Name": "Crusader",
      }
    },
    "Ranged": {
      "Type": "Bow",
      "Name": "Striker's Mark",
      "Stats": {
        "AP": 22,
        "Hit": 1,
      }
    },
  },
  "Equipment": {
    "Head": {
      "Name": "Bloodfang Hood",
      "Stats": {
        "Str": 19,
        "Agi": 27,
        "Crit": 1
      },
      "Enchantment": {
        "Name": "Lesser Arcane Amalgamation",
        "Stats": {
          "Agi": 8
        }
      }
    },
    "Neck": {
      "Name": "Onyxia Tooth Pendant",
      "Stats": {
        "Agi": 12,
        "Crit": 1,
        "Hit": 1,
      }
    },
    "Shoulders": {
      "Name": "Nightslayer Shoulder Pads",
      "Stats": {
        "Str": 3,
        "Agi": 26,
        "Hit": 1,
      },
    },
    "Back": {
      "Name": "Cape of the Black Baron",
      "Stats": {
        "Agi": 15,
        "AP": 20
      },
      "Enchantment": {
        "Name": "Lesser Agility",
        "Stats": {
          "Agi": 3
        }
      }
    },
    "Chest": {
      "Name": "Nightslayer Chestpiece",
      "Stats": {
        "Str": 10,
        "Agi": 29,
        "Crit": 1
      },
      "Enchantment": {
        "Name": "Greater Stats",
        "Stats": {
          "Str": 4,
          "Agi": 4,
          "Int": 4,
          "Spi": 4,
        }
      }
    },
    "Wrist": {
      "Name": "Bracers of The Eclipse",
      "Stats": {
        "Agi": 10,
        "AP": 24,
      },
      "Enchantment": {
        "Name": "Superior Strength",
        "Stats": {
          "Str": 9
        }
      }
    },
    "Hands": {
      "Name": "Nightslayer Gloves",
      "Stats": {
        "Str": 12,
        "Agi": 18,
        "Hit": 1
      },
      "Enchantment": {
        "Name": "Greater Agility",
        "Stats": {
          "Agi": 7
        }
      }
    },
    "Waist": {
      "Name": "Nightslayer Belt",
      "Stats": {
        "Str": 9,
        "Agi": 17,
        "Crit": 1,
      }
    },
    "Legs": {
      "Name": "Bloodfang Pants",
      "Stats": {
        "Str": 11,
        "Agi": 37,
        "Crit": 1,
      },
      "Enchantment": {
        "Name": "Lesser Arcane Amalgamation",
        "Stats": {
          "Agi": 8
        }
      }
    },
    "Feet": {
      "Name": "Nightslayer Boots",
      "Stats": {
        "Agi": 26,
      },
    },
    "Ring1": {
      "Name": "Tarnished Elven Ring",
      "Stats": {
        "Agi": 15,
        "Hit": 1
      }
    },
    "Ring2": {
      "Name": "Band of Accuria",
      "Stats": {
        "Agi": 16,
        "Hit": 2
      }
    },
    "Trinket1": {
      "Name": "Hand of Justice",
      "Stats": {
        "AP": 20
      }
    },
    "Trinket2": {
      "Name": "Blackhand's Breadth",
      "Stats": {
        "Crit": 2
      }
    },
  }
}