{
  "FightLength": 120,
  "FightLengthMod": 0.2,
  "TargetErrorPct": 0.1,
  "TargetError": true,
  "LogFight": false,
  "NbSim": 1,
  "StatsWeights": false,
  "BossAutoLife": true,
  "BossLowLifeTime": 0,
  "Boss" : {
    "Level": 63,
    "Armor": 3731,
    "Debuffs": [
      "Sunder Armor",
      "Curse of Recklessness",
      "Faerie Fire"
    ]
  },
  "Player": {
    "Race": "Orc",
    "Class": "Warrior",
    "Cooldowns": {
      "Racial": true,
      "Death Wish": true,
      "Recklessness": false,
      "Juju Flurry": false,
      "Mighty Rage": false,
    },
    "Buffs": [
      {
        "Name": "Windfury Totem"
      },
      {
        "Name": "Test",
        "Stats": {
          "Hit": 0,
          "Crit": 0,
          "AP": 0,
          "Haste": 0,
        }
      },
      {
        "Name": "Leader of the Pack",
        "Stats": {
          "Crit": 3
        }
      },
      {
        "Name": "Battle Shout",
        "Stats": {
          "AP": 241
        }
      },
      {
        "Name": "Trueshot Aura",
        "Stats": {
          "AP": 100
        }
      },
      {
        "Name": "Mark of the Wild",
        "Stats": {
          "Agi": 16,
          "Str": 16,
        }
      },
      {
        "Name": "Elixir of Giants",
        "Stats": {
          "Str": 25,
        }
      },
      {
        "Name": "R.O.I.D.S.",
        "Stats": {
          "Str": 25,
        }
      },
      {
        "Name": "Elixir of the Mongoose",
        "Stats": {
          "Agi": 25,
          "Crit": 2
        }
      },
    ],
    "MH": {
      "DamageMin": 81,
      "DamageMax": 151,
      "Speed": 2.8,
      "TwoHanded": false,
      "Type": "Sword",
      "Name": "Serathil",
      "Id": 0,
      "Slot": "Weapon",
      "Stats": {
        "Str": 4,
        "Crit": 1,
        "AP": 50,
      }
    },
    "OH": {
      "DamageMin": 52,
      "DamageMax": 97,
      "Speed": 1.8,
      "TwoHanded": false,
      "Type": "Sword",
      "Name": "Dal'Rend",
      "Id": 0,
      "Slot": "Weapon",
    },
    "Ranged": {
      "Type": "Crossbow",
      "Name": "Blackcrow",
      "Stats": {
        "Agi": 3,
        "Hit": 1,
      }
    },
    "Equipment": {
      "Head": {
        "Name": "Golem Skull Helm",
        "Stats": {
          "Str": 18,
        },
      },
      "Neck": {
        "Name": "Woven Ivy Necklace",
        "Stats": {
          "Agi": 9,
          "Str": 6,
        }
      },
      "Shoulders": {
        "Name": "Blabla",
        "Stats": {
          "Str": 0,
        },
      },
      "Back": {
        "Name": "Deep River Cloak",
        "Stats": {
          "Str": 12,
        },
      },
      "Chest": {
        "Name": "Warrior's Embrace",
        "Stats": {
          "Agi": 0,
        },
      },
      "Wrist": {
        "Name": "Bracers of Valor",
        "Stats": {
          "Str": 7,
          "Agi": 3
        },
      },
      "Hands": {
        "Name": "Gauntlets of Valor",
        "Stats": {
          "Hit": 2,
          "Agi": 9,
        },
      },
      "Waist": {
        "Name": "Girdle of Valor",
        "Stats": {
          "Str": 14,
          "Agi": 7,
        }
      },
      "Legs": {
        "Name": "Direwing Legguards",
        "Stats": {
          "Str": 15,
          "Agi": 15,
        },
      },
      "Feet": {
        "Name": "Ribsteel Footguards",
        "Stats": {
          "Str": 10,
          "Agi": 10,
        },
      },
      "Ring1": {
        "Name": "Innervating Band",
        "Stats": {
          "Agi": 15,
        }
      },
      "Ring2": {
        "Name": "Machin",
        "Stats": {
          "AP": 20,
          "Hit": 1
        }
      },
      "Trinket1": {
        "Name": "Rune of the Guard Captain",
        "Stats": {
          "Hit": 1,
          "AP": 20,
        }
      },
      "Trinket2": {
        "Name": "Star",
        "Stats": {
          "Str": 25,
          "Agi": 25,
        }
      },
    }
  }
}
