{
  "FightLength": 240.0,
  "FightLengthMod": 0.1,
  "NbSim": 1,
  "StatsWeights": false,
  "TargetErrorPct": 0.5,
  "TargetError": true,
  "LogFight": false,
  "BossAutoLife": true,
  "BossLowLifeTime": 0.0,
  "Boss": {
    "Level": 73,
    "Type": null,
    "Armor": 6193,
    "Debuffs": {
      "Sunder Armor": true,
      "Expose Armor": false,
      "Improved Expose Armor": true,
      "Faerie Fire": true,
      "Improved Faerie Fire": true,
      "Curse of Recklessness": true,
      "Annihilator": false,
      "Blood Frenzy": true,
      "Improved Seal of the Crusader": true
    },
    "SchoolResists": {
      "All": 0
    }
  },
  "UnlimitedMana": false,
  "UnlimitedResource": false,
  "Tanking": false,
  "TankHitEvery": 2.0,
  "TankHitRage": 30.0,
  "NbTargets": 1,
  "Facing": false,
  "Threat": false,
}