{
  "FightLength": 300,
  "TargetErrorPct": 0.1,
  "TargetError": true,
  "LogFight": false,
  "NbSim": 1,
  "BossAutoLife": true,
  "BossLowLifeTime": 0,
  "Boss" : {
    "Level": 63,
    "Armor": 4400,
    "Debuffs": [
      "Sunder Armor",
      "Curse of Recklessness",
      "Faerie Fire",
      "Annihilator"
    ]
  },
  "Player": {
    "Race": "Orc",
    "Cooldowns": {
      "Racial": true,
      "Death Wish": true,
      "Recklessness": true,
      "Juju Flurry": true,
      "Mighty Rage": true,
    },
    "Buffs": [
      {
        "Name": "Windfury Totem"
      },
      {
        "Name": "Trueshot Aura",
        "Stats": {
          "AP": 100
        }
      },
      {
        "Name": "Mark of the Wild",
        "Stats": {
          "Agi": 16,
          "Str": 16,
        }
      },
      {
        "Name": "Elixir of Giants",
        "Stats": {
          "Str": 25,
        }
      },
      {
        "Name": "R.O.I.D.S.",
        "Stats": {
          "Str": 25,
        }
      },
      {
        "Name": "Juju Power",
        "Stats": {
          "Str": 30,
        }
      },
      {
        "Name": "Juju Might",
        "Stats": {
          "AP": 40,
        }
      },
      {
        "Name": "Smoked Desert Dumplings",
        "Stats": {
          "Str": 20,
        }
      },
      {
        "Name": "Elixir of the Mongoose",
        "Stats": {
          "Agi": 25,
          "Crit": 2
        }
      },
    ],
    "MH": {
      "DamageMin": 119,
      "DamageMax": 221,
      "Speed": 2.6,
      "TwoHanded": false,
      "Type": "Axe",
      "Name": "Hatchet of Sundered Bone",
      "Id": 0,
      "Slot": "Weapon",
      "Enchantment": {
        "Name": "Crusader"
      },
      "Stats": {
        "AP": 36,
        "Crit": 1
      }
    },
    "OH": {
      "DamageMin": 101,
      "DamageMax": 188,
      "Speed": 2.3,
      "TwoHanded": false,
      "Type": "Axe",
      "Name": "Crul'shorukh, Edge of Chaos",
      "Id": 0,
      "Slot": "Weapon",
      "Stats": {
        "AP": 36,
      },
      "Enchantment": {
        "Name": "Crusader"
      },
      "Buff": {
        "Stats": {
          "Crit": 2
        }
      }
    },
    "Ranged": {
      "Type": "Crossbow",
      "Name": "Crossbow of Imminent Doom",
      "Stats": {
        "Str": 5,
        "Agi": 7,
        "Hit": 1,
      }
    },
    "Equipment": {
      "Head": {
        "Name": "Lionheart Helm",
        "Stats": {
          "Str": 18,
          "Crit": 2,
          "Hit": 2,
        },
        "Enchantment": {
          "Name": "Libram of Voracity Str",
          "Stats": {
            "Str": 8
          }
        }
      },
      "Neck": {
        "Name": "Barbed Choker",
        "Stats": {
          "AP": 44,
          "Crit": 1,
        }
      },
      "Shoulders": {
        "Name": "Conqueror's Spaulders",
        "Stats": {
          "Str": 20,
          "Agi": 16,
          "Hit": 1
        },
        "Enchantment": {
          "Name": "Might of the Scourge",
          "Stats": {
            "Crit": 1,
            "AP": 26
          }
        }
      },
      "Back": {
        "Name": "Cloak of Concentrated Hatred",
        "Stats": {
          "Str": 11,
          "Agi": 16,
          "Hit": 1
        },
        "Enchantment": {
          "Name": "Lesser Agility",
          "Stats": {
            "Agi": 3
          }
        }
      },
      "Chest": {
        "Name": "Plated Abomination Ribcage",
        "Stats": {
          "Str": 45,
          "Hit": 1,
          "Crit": 1
        },
        "Enchantment": {
          "Name": "Greater Stats",
          "Stats": {
            "Str": 4,
            "Agi": 4
          }
        }
      },
      "Wrist": {
        "Name": "Wristguards of Vengeance",
        "Stats": {
          "Str": 24,
          "Crit": 1
        },
        "Enchantment": {
          "Name": "Superior Strength",
          "Stats": {
            "Str": 9
          }
        }
      },
      "Hands": {
        "Name": "Gauntlets of Annihilation",
        "Stats": {
          "Str": 35,
          "Crit": 1,
          "Hit": 1
        },
        "Enchantment": {
          "Name": "Greater Strength",
          "Stats": {
            "Str": 7
          }
        }
      },
      "Waist": {
        "Name": "Girdle of the Mentor",
        "Stats": {
          "Str": 21,
          "Agi": 20,
          "Hit": 1,
          "Crit": 1
        }
      },
      "Legs": {
        "Name": "Titanic Leggings",
        "Stats": {
          "Str": 30,
          "Hit": 2,
          "Crit": 1
        },
        "Enchantment": {
          "Name": "Libram of Voracity Str",
          "Stats": {
            "Str": 8
          }
        }
      },
      "Feet": {
        "Name": "Chromatic Boots",
        "Stats": {
          "Str": 20,
          "Agi": 20,
          "Hit": 1
        },
        "Enchantment": {
          "Name": "Greater Agility",
          "Stats": {
            "Agi": 7
          }
        }
      },
      "Ring1": {
        "Name": "Quick Strike Ring",
        "Stats": {
          "Str": 5,
          "AP": 30,
          "Crit": 1
        }
      },
      "Ring2": {
        "Name": "Master Dragonslayer's Ring",
        "Stats": {
          "AP": 48,
          "Hit": 1
        }
      },
      "Trinket1": {
        "Name": "Blackhand's Breadth",
        "Stats": {
          "Crit": 2
        }
      },
      "Trinket2": {
        "Name": "Blackhand's Breadth",
        "Stats": {
          "Crit": 2
        }
      },
    }
  }
}
