{
  "FightLength": 120,
  "FightLengthMod": 0.2,
  "TargetErrorPct": 0.2,
  "TargetError": true,
  "LogFight": true,
  "NbSim": 1,
  "StatsWeights": false,
  "BossAutoLife": true,
  "BossLowLifeTime": 0,
  "Boss" : {
    "Level": 63,
    "Armor": 3731,
    "SchoolResists" : {
      "All": 0
    },
    "Debuffs": [
      "Sunder Armor",
      "Curse of Recklessness",
      "Faerie Fire",
      "Shadow Weaving",
    ]
  },
  "UnlimitedMana": false,
  "UnlimitedResource": false,
  "Tanking": false,
  "TankHitEvery": 1,
  "TankHitRage": 5,
}
