{
  "Race": "Orc",
  "Class": "Warlock",
  "Talents": "25002-2050300152201-52500051020001",
  "Cooldowns": {
    "Corruption": true,
    "Curse of Agony": false,
  },
  "Buffs": [
    {
      "Name": "Test",
      "Stats": {
        "SP": 0,
        "Crit": 0,
        "AP": 0,
        "Haste": 0,
      }
    },
  ],
  "Weapons": {
    "MH": {
      "TwoHanded": false,
      "Type": "Sword",
      "Name": "Azuresong Mageblade",
      "Stats": {
        "Int": 12,
        "SP": 40,
        "SCrit": 1,
      },
      "Enchantment":
      {
        "Name": "Spell Power",
        "Stats": {
          "SP": 30,
        }
      }
    },
    "OH": {
      "TwoHanded": false,
      "Type": "Offhand",
      "Name": "Fire Runed Grimoire",
      "Stats": {
        "Int": 21,
        "SP": 11,
      }
    },
    "Ranged": {
      "Type": "Wand",
      "Name": "Skul's Ghastly Touch",
      "Stats": {
        "SP": 14,
      }
    },
  },
  "Equipment": {
    "Head": {
      "Name": "head",
      "Stats": {
        "SCrit": 1,
        "Int": 21,
        "SP": 21,
      },
      "Enchantment": {
        "Name": "Arcanum of Focus",
        "Stats": {
          "SP": 8
        }
      }
    },
    "Neck": {
      "Name": "neck",
      "Stats": {
        "Int": 7,
        "SP": 34,
      }
    },
    "Shoulders": {
      "Name": "shoulders",
      "Stats": {
        "Int": 13,
        "Crit": 12
      },
    },
    "Back": {
      "Name": "back",
      "Stats": {
        "Int": 17,
        "SP": 14
      },
      "Enchantment": {
        "Name": "none",
        "Stats": {
        }
      }
    },
    "Chest": {
      "Name": "chest",
      "Stats": {
        "Int": 15,
        "Spi": 10,
        "SCrit": 2,
        "SP": 23,
      },
      "Enchantment": {
        "Name": "Greater Stats",
        "Stats": {
          "Str": 4,
          "Agi": 4,
          "Int": 4,
          "Spi": 4,
        }
      }
    },
    "Wrist": {
      "Name": "cool wrists",
      "Stats": {
        "Int": 13,
        "Spi": 8,
        "SCrit": 1,
      },
      "Enchantment": {
        "Name": "Superior Strength",
        "Stats": {
        }
      }
    },
    "Hands": {
      "Name": "op hands",
      "Stats": {
        "SP": 33,
      },
      "Enchantment": {
        "Name": "Greater Strength",
        "Stats": {
        }
      }
    },
    "Waist": {
      "Name": "bis waist",
      "Stats": {
        "Int": 16,
        "SP": 25,
        "SCrit": 1,
      }
    },
    "Legs": {
      "Name": "legs out of this world",
      "Stats": {
        "SP": 64,
      },
      "Enchantment": {
        "Name": "Lesser Arcane Amalgamation",
        "Stats": {
          "SP": 8
        }
      }
    },
    "Feet": {
      "Name": "wow",
      "Stats": {
        "SP": 32,
        "Int": 10,
        "MP5": 5,
      },
    },
    "Ring1": {
      "Name": "k",
      "Stats": {
        "SP": 33,
      }
    },
    "Ring2": {
      "Name": "kk",
      "Stats": {
        "SP": 33,
      }
    },
    "Trinket1": {
      "Name": "Briarwood Reed",
      "Stats": {
        "SP": 29
      }
    },
    "Trinket2": {
      "Name": "something something trinket",
      "Stats": {
        "SCrit": 2
      }
    }
  }
}